[
    {
        "GATEWAY_NAME": "green",
        "REAL_NAME": "STRIPE CHARGED",
        "IS_WORKING": "YES",
        "IS_PREMIUM": "TRUE",
        "GATEWAY_CMD": "chk",
        "CC_FORMAT": "cc|mm|yy|cvc",
        "CRADITS_NEEDS": "YES",
        "TOTAL_CRADIT_NEED": "1",
        "ANTISPAM": "60s"
    },
    {
        "GATEWAY_NAME": "green",
        "REAL_NAME": "STRIPE CHARGED",
        "IS_WORKING": "YES",
        "IS_PREMIUM": "TRUE",
        "GATEWAY_CMD": "chk",
        "CC_FORMAT": "cc|mm|yy|cvc",
        "CRADITS_NEEDS": "YES",
        "TOTAL_CRADIT_NEED": "1",
        "ANTISPAM": "60s"
    }
]